{
  "gradient_boosting": {
    "best_f1_threshold": 0.6438584457417537,
    "brier": 0.08727460183261525,
    "f1": 0.7780320366132724,
    "fn": 370,
    "fp": 503,
    "n_eval_rows": 8462,
    "pr_auc": 0.8627081881667229,
    "precision": 0.7525823905558289,
    "recall": 0.8052631578947368,
    "roc_auc": 0.9477692134939605,
    "strategy_precision_at_top3": 1.0,
    "tn": 6059,
    "tp": 1530
  },
  "k_pit": 3,
  "logistic_regression": {
    "best_f1_threshold": 0.6775108740557773,
    "brier": 0.10444148812367662,
    "f1": 0.7458729364682342,
    "fn": 409,
    "fp": 607,
    "n_eval_rows": 8462,
    "pr_auc": 0.833118735045268,
    "precision": 0.7106768350810295,
    "recall": 0.7847368421052632,
    "roc_auc": 0.9375974911371694,
    "strategy_precision_at_top3": 1.0,
    "tn": 5955,
    "tp": 1491
  },
  "mode": "groupkfold",
  "model_metrics": {
    "gradient_boosting": {
      "best_f1_threshold": 0.6438584457417537,
      "brier": 0.08727460183261525,
      "f1": 0.7780320366132724,
      "fn": 370,
      "fp": 503,
      "n_eval_rows": 8462,
      "pr_auc": 0.8627081881667229,
      "precision": 0.7525823905558289,
      "recall": 0.8052631578947368,
      "roc_auc": 0.9477692134939605,
      "strategy_precision_at_top3": 1.0,
      "tn": 6059,
      "tp": 1530
    },
    "logistic_regression": {
      "best_f1_threshold": 0.6775108740557773,
      "brier": 0.10444148812367662,
      "f1": 0.7458729364682342,
      "fn": 409,
      "fp": 607,
      "n_eval_rows": 8462,
      "pr_auc": 0.833118735045268,
      "precision": 0.7106768350810295,
      "recall": 0.7847368421052632,
      "roc_auc": 0.9375974911371694,
      "strategy_precision_at_top3": 1.0,
      "tn": 5955,
      "tp": 1491
    },
    "random_forest": {
      "best_f1_threshold": 0.39560337378251836,
      "brier": 0.07266812650000384,
      "f1": 0.7756634952428643,
      "fn": 351,
      "fp": 545,
      "n_eval_rows": 8462,
      "pr_auc": 0.8642433404174712,
      "precision": 0.7397325692454633,
      "recall": 0.8152631578947368,
      "roc_auc": 0.9469277659250228,
      "strategy_precision_at_top3": 1.0,
      "tn": 6017,
      "tp": 1549
    }
  },
  "random_forest": {
    "best_f1_threshold": 0.39560337378251836,
    "brier": 0.07266812650000384,
    "f1": 0.7756634952428643,
    "fn": 351,
    "fp": 545,
    "n_eval_rows": 8462,
    "pr_auc": 0.8642433404174712,
    "precision": 0.7397325692454633,
    "recall": 0.8152631578947368,
    "roc_auc": 0.9469277659250228,
    "strategy_precision_at_top3": 1.0,
    "tn": 6017,
    "tp": 1549
  },
  "safe_models": 0,
  "selected_model": "random_forest",
  "selected_threshold": 0.39560337378251836
}