{
  "adaboost": {
    "best_f1_threshold": 0.5927019945432077,
    "brier": 0.12778514187657053,
    "f1": 0.7348242811501597,
    "fn": 176,
    "fp": 156,
    "n_eval_rows": 2857,
    "pr_auc": 0.8167997399542786,
    "precision": 0.7467532467532467,
    "recall": 0.7232704402515723,
    "roc_auc": 0.9350531943512329,
    "strategy_precision_at_top3": 1.0,
    "tn": 2065,
    "tp": 460
  },
  "decision_tree": {
    "best_f1_threshold": 0.7276057754471658,
    "brier": 0.10224880100255791,
    "f1": 0.7521235521235521,
    "fn": 149,
    "fp": 172,
    "n_eval_rows": 2857,
    "pr_auc": 0.8132096369858638,
    "precision": 0.7389984825493171,
    "recall": 0.7657232704402516,
    "roc_auc": 0.9262744273501369,
    "strategy_precision_at_top3": 1.0,
    "tn": 2049,
    "tp": 487
  },
  "gaussian_nb": {
    "best_f1_threshold": 0.5078990297828759,
    "brier": 0.14369894921538,
    "f1": 0.6467236467236467,
    "fn": 182,
    "fp": 314,
    "n_eval_rows": 2857,
    "pr_auc": 0.7447843296266788,
    "precision": 0.5911458333333334,
    "recall": 0.7138364779874213,
    "roc_auc": 0.8958731547634217,
    "strategy_precision_at_top3": 1.0,
    "tn": 1907,
    "tp": 454
  },
  "k_pit": 3,
  "mode": "season_holdout_2020",
  "model_metrics": {
    "adaboost": {
      "best_f1_threshold": 0.5927019945432077,
      "brier": 0.12778514187657053,
      "f1": 0.7348242811501597,
      "fn": 176,
      "fp": 156,
      "n_eval_rows": 2857,
      "pr_auc": 0.8167997399542786,
      "precision": 0.7467532467532467,
      "recall": 0.7232704402515723,
      "roc_auc": 0.9350531943512329,
      "strategy_precision_at_top3": 1.0,
      "tn": 2065,
      "tp": 460
    },
    "decision_tree": {
      "best_f1_threshold": 0.7276057754471658,
      "brier": 0.10224880100255791,
      "f1": 0.7521235521235521,
      "fn": 149,
      "fp": 172,
      "n_eval_rows": 2857,
      "pr_auc": 0.8132096369858638,
      "precision": 0.7389984825493171,
      "recall": 0.7657232704402516,
      "roc_auc": 0.9262744273501369,
      "strategy_precision_at_top3": 1.0,
      "tn": 2049,
      "tp": 487
    },
    "gaussian_nb": {
      "best_f1_threshold": 0.5078990297828759,
      "brier": 0.14369894921538,
      "f1": 0.6467236467236467,
      "fn": 182,
      "fp": 314,
      "n_eval_rows": 2857,
      "pr_auc": 0.7447843296266788,
      "precision": 0.5911458333333334,
      "recall": 0.7138364779874213,
      "roc_auc": 0.8958731547634217,
      "strategy_precision_at_top3": 1.0,
      "tn": 1907,
      "tp": 454
    }
  },
  "safe_models": 1,
  "selected_model": "adaboost",
  "selected_threshold": 0.5927019945432077
}